1,0,                     is so sad for my APL friend.............
2,0,                   I missed the New Moon trailer...
3,1,              omg its already 7:30 :O
4,0,          .. Omgaga. Im sooo  im gunna CRy. I've been at this dentist since 11.. I was suposed 2 just get a crown put on (30mins)...
5,0,         i think mi bf is cheating on me!!!       T_T
6,0,         or i just worry too much?        
7,1,       Juuuuuuuuuuuuuuuuussssst Chillin!!
8,0,       Sunny Again        Work Tomorrow  :-|       TV Tonight
9,1,      handed in my uniform today . i miss you already
10,1,      hmmmm.... i wonder how she my number @-)
11,0,      I must think about positive..
12,1,      thanks to all the haters up in my face all day! 112-102
13,0,      this weekend has sucked so far
14,0,     jb isnt showing in australia any more!
15,0,     ok thats it you win.
16,0,    &lt;-------- This is the way i feel right now...
17,0,"    awhhe man.... I'm completely useless rt now. Funny, all I can do is twitter. http://myloc.me/27HX"
18,1,    Feeling strangely fine. Now I'm gonna go listen to some Semisonic to celebrate
19,0,    HUGE roll of thunder just now...SO scary!!!!
20,0,    I just cut my beard off. It's only been growing for well over a year. I'm gonna start it over. @shaunamanu is happy in the meantime.
21,0,    Very sad about Iran.
22,0,    wompppp wompp
23,1,    You're the only one who can see this cause no one else is following me this is for you because you're pretty awesome
24,0,   &lt;---Sad level is 3. I was writing a massive blog tweet on Myspace and my comp shut down. Now it's all lost *lays in fetal position*
25,0,   ...  Headed to Hospitol : Had to pull out of the Golf Tourny in 3rd place!!!!!!!!!!! I Think I Re-Ripped something !!! Yeah THAT !!
26,0,   BoRinG   ): whats wrong with him??     Please tell me........   :-/
27,0,   can't be bothered. i wish i could spend the rest of my life just sat here and going to gigs. seriously.
28,0,"   Feeeling like shit right now. I really want to sleep, but nooo I have 3 hours of dancing and an art assignment to finish. "
29,1,"   goodbye exams, HELLO ALCOHOL TONIGHT "
30,0,   I didn't realize it was THAT deep. Geez give a girl a warning atleast!
31,0,   I hate it when any athlete appears to tear an ACL on live television.
32,0,   i miss you guys too     i think i'm wearing skinny jeans a cute sweater and heels   not really sure   what are you doing today
33,0,  -- Meet your Meat http://bit.ly/15SSCI
34,0,   My horsie is moving on Saturday morning.
35,0,   No Sat off...Need to work 6 days a week 
36,0,   Really Dont Like Doing my Room Its So Boring  Sick Of Doing My Wardrobe Out Cant Waiit Till I Have My Walk In One  Yay
37,0,"   SOX!     Floyd was great, but relievers need a scolding!"
38,0,   times by like a million
39,1,   uploading pictures on friendster 
40,0,   what type of a spaz downloads a virus? my brother that's who :\ MSN is now fucked forever    :'(
41,0,  &amp;&amp;Fightiin Wiit The Babes...
42,1,  (: !!!!!! - so i wrote something last week. and i got a call from someone in the new york office... http://tumblr.com/xcn21w6o7
43,0,  *enough said*
44,1,"  ... Do I need to even say it?  Do I?  Well, here I go anyways:  CHRIS CORNELL IN CHICAGO!  ... TONIGHT!    "
45,1,  ... health class (what a joke!)
46,1,  @ginaaa &lt;3 GO TO THE SHOW TONIGHT
47,0,  @Spiral_galaxy @YMPtweet  it really makes me sad when i look at Muslims reality now
48,0, - All Time Low shall be my motivation for the rest of the week.
49,0,"  and the entertainment is over, someone complained properly..   @rupturerapture experimental you say? he should experiment with a melody"
50,0,  another year of Lakers .. That's neither magic nor fun ...
51,0,  baddest day eveer. 
52,1,  bathroom is clean..... now on to more enjoyable tasks......
53,1,  boom boom pow
54,0,  but i'm proud.
55,0,  congrats to helio though
56,0,  David must be hospitalized for five days end of July (palatine tonsils). I will probably never see Katie in concert. 
57,0,  friends are leaving me 'cause of this stupid love  http://bit.ly/ZoxZC
58,1,  go give ur mom a hug right now. http://bit.ly/azFwv
59,1,  Going To See Harry Sunday Happiness 
60,0,  Hand quilting it is then...
61,0,  hate u ...  leysh t9ar5 ... =((((((( ..
62,1,=-  I always get what I want
63,1,  I bend backwards  
64,1,  i get off work sooooon! i miss cody booo. haven't seen him in foreverr!
65,1,  I hate allergies. Should I get my hair cut tomorrow? I'm taking a public poll...
66,0, - I love you guys so much that it hurts. http://tumblr.com/xkh1z19us
67,0,  I miss Earl
68,0,  I miss New Jersey
69,0,"  I missed the first hour of SYTYCD last night, and I can't find it online!"
70,0,  I need a U2 fix NOW!
71,0,  I never thought I'd become second choice...
72,0,  I think I may be too friendly...lol... o well...
73,0,  I think Manuel (my Basil plant) only has days to live   
74,0,  I wanna be at home @ church...I wonder wht they are doing?
75,0,  i wanna make my own pizza
76,0,"  i want a 120gb harddrive, or a 37 inch tv, or a new guitar.  anyonefeeling generous?  =p   x"
77,0,  i want a hug
78,0,  I want Miley to tour Australia
79,0,  I wanted to sleep in this morning but a mean kid through a popsicle stick at me head. I wish I could fly away like those squirrels
80,0,  i was too slow to get $1 Up tix
81,0,"  I will send sunshine to Northern Ireland, are you going swimming today @kezbat"
82,0,  I wish I could go to T4 On The Beach :'(    Would be great to see @Shontelle_Layne &amp; @DanMerriweather   
83,0,"  i would be so much happier if the walls of my bedroom were painted white,"
84,0,  idk wat 2 do who can i trust me im sorry 4 all da pain i have caused nebody ima take dis time out 2 straighten myself out i luv yall
85,0,  I'm finding the intercept slope..and banging my head against the wall..Math brain heads come save me
86,1,  I'm really going to bed now...
87,0,  im sick  'cough cough'
88,0,  in cab headed to the airport!  going home.... &lt;christy&gt;
89,0,  In case I feel emo in camp (feeling a wee bit of it alr)...am bringing in the Human Rights Watch World Report 2009..hope it'll work
90,1,  Jin has a twitter.
91,0,  jonas day is almost over... 
92,0,  Jus Got Hom Fr. TDa Funeral... I'm So Sad! I Cried So Much Times! Much Love Grandpa!&lt;3 I Never Got To Say My Last &quot;Goodbye&quot; to Him.
93,1,  just gonna smile...cuz it is what it is..and im not sure what more they could want..
94,1,"  Just got home, and I got to see my friend Zahra whom I haven't seen since We graduated!!!  That makes me so happy."
95,0, - Longest night ever.. ugh! http://tumblr.com/xwp1yxhi6
96,0,  mi momacita won't let me go to my bf's bball game!!! grrr!!!
97,0,  Mom says I have to get a new phone IMMEDIATELY....off to T-Mobile.  she paying....
98,0,  My new car was stolen....by my mother who wanted to go pose at church.
99,0,"  no hang out with the girls 2day. 2moro, hope so......"
100,0,  no movie times for sunday!  Rats will have to plan tomorrow. I guess this means I have to work on those two  presentations I am doing!
101,0,  no pavel tonight &lt;Tigersfan &gt;
102,0,  not a cool night.
103,1,  oh thank you!
104,1,  pleased
105,0,  probably guna get off soon since no one is talkin no more
106,0,  really wanted Safina to pull out a win &amp; to lose like that...
107,0,"  RIP, David Eddings."
108,1,  Rose and ood will be back in the Xmas Who special!  YAY!  Damn that's half a year away.
109,0, - sannesias: Aww no neighbor! We need to watch Mean Girls :] http://tumblr.com/xv31s2pi8
110,0,  so whats the status on next weekend
111,0,  sorry @gigi4462 The Ex Husband has overdosed on his daily dose of haterade
112,0,  Thanks for your definition of throwbie!  Editors reviewed your entry and have decided to not publish it.
113,1,"  Thanks, I need all the help i can get."
114,1, - that explains alot.
115,1,  There's going to be a Heathers sequel.  Winona4ever!  They better not fuck it up.
116,0,"  told not to drink w/my Rx so just gave all the b.b. porter &amp; obs. stout that I brought home from OR to my neighbors.  v, v, sad."
117,1,  trae is so sweet! He just bought me a new baithing suit!! Wove him 
118,1,"  True, highly subjective of me there. Tombre was actually my favorite character in the book. You got me  - http://is.gd/13be0 - Rishabh"
119,0,  u guys knw whyy
120,0,  very much so 
121,0,  waahhh now I'm getting sad....miss hub :-'(&quot;&quot;&quot;&quot;&quot;&quot;&quot;&quot;
122,0,--  we were standing out in the pouring rain.. We were sitting on top of the world..  --   summer sucks      --
123,0,"  Went to get dog from vets, theyve stitched her ear, charged us for it but she still bleeds like a waterfall everytime she moves. D: WHY!"
124,0,  where is my picture i feel naked 
125,0,  Why aren't there any trains going to manchester on a sunday?!!  Now I can't go to the @jonasbrothers concert.
126,0, - Why must people be so picky. I mean 6 hours work and no dice!? what�s up with that! http://tumblr.com/xsg1m3ufn
127,0,  Why Twitter will soon become obsolete? http://www.imediaconnection.com/content/23465.asp
128,1,  wide awake   NOT!!!
129,1,  yeah me too. Its been awful weather here for the last week so that stinks. Kristis comin down and moe said mmmaybe he take us for  ...
130,0, - You: hi Stranger: HELLO I AM FRANK LAMPARD HOW ARE YOU You: fine You: and urself Stranger: i am gay Your... http://tumblr.com/xaj24dkly
131,0,  you'll always be my one and only...  [12*23*2007]
132,0, #3turnoffwords this shit sucks
133,0, #asylm J2 panel is over. Guess it's back to normal life.
134,1, #poemsunder140 ....started by @shannonelyse1
135,0, #squarespace brighten my bad day! i never win anything...
136,0," #Susan Boyle didnt win! mh well, diversity was very good though! CONGRATZ!!"
137,0, #twenty20
138,1," &lt;--- That is all, and believe me.. it's enough!"
139,1, &lt;3 goooood timessss
140,0, &lt;3 GrAdUaTE 09&lt;3
141,0," &quot; Vandals paint swastikas on home of author of gay, lesbian church story : Naples Daily News&quot; ( http://bit.ly/11zyzl )"
142,0, &quot;An unknown error occured (-4)&quot;. uh oh. iPhone OS 3 fail so far 
143,0, &quot;experts (homers) predict Eagles to go 12-4 and Giants to go 9-7/ BS! http://www.dailysportspages.com/forums/showthread.php?t=49343
144,1, &quot;I know you hungry so lets go outside on the balcony so you can eat&quot;....
145,0, &quot;I want you so bad it's driving me  mad&quot;
146,1, &quot;The 10 Men a UK Female Internet Entrepreneur Should Know when Starting and Growing a Business : The Next Women&quot; ( http://tinyurl.com ...
147,1, &quot;The truth is hiding in your eyes&quot; @patita @MissMarian  Paramore � Decode @Daninho502  ? http://blip.fm/~5ytke
148,0, &quot;Try to turn on my tv to get you out of my head. I've got this feeling inside that I just won't admit...&quot; (that is literally how I feel)
149,0," &quot;well, the truth is I miss you so&quot;- Coldplay"
150,0, (tears) :'-( Today is the last day with my kids...They go on summer break at their Dads tomorrow. *sighs* http://plurk.com/p/x8j86
151,0, (unsure) (annoyed) http://plurk.com/p/1230lz
152,0, (via @designrelated) are designed gallery exhibition postcards/mailers going extinct? via NYT http://ow.ly/fHJc
153,0, *BeautifulyLost
154,0,- *cries* I'm going to miss Harry Potter when it comes out.  I'm leaving to Vietnam on July 11th.  I'm going to cry!!
155,1,-- *hummin* I SAY &quot;shut up &amp; put your money where your mouth is&quot; ...headin' out to reality. Cheers Twitter world! 
156,1,-- . *sigh* You cant love someone that doesn't love you back that's like stalker status . GET a divorce &amp;&amp; move on . Trinity. 
157,0," . . . . going back to bed, because I'm lookin' around and don't see a reason to be awake atm. Be up in a little."
158,1,"-- . Aiqht Goodniqht . Tri, Neena, Malcolm, Chaise , JLew, ATL &lt;333 Love Much . "
159,1,-- . Triiiiiii .  ily . even if Chaise doesn't . =D *dies of laughter*
160,0, .. i wantt hiim soo badd !!
161,0," .. watching tv , bed, shopping w. mom, out w. trent hopefully, i need my best friend"
162,0, ... had weird encounters with so many homeless/creeps on the walk home tonight all by myself   awesome... really...
163,0, ... Rained out truck race
164,0, ... Why am I feeling worse??? F!!!
165,0, .... Feeling pain and happiness at the same time. How confusing!
166,1, ..... hot choco is the best!
167,0, ....in a shirt and panties. celulite
168,0, ..had to turn back to North due to body on line. So missing Design Council Design 4 Tech Transfer event   http://bit.ly/pXrzV...
169,0, ..y everything is so hard? :/
170,0, .bueno good bye. good night
171,1, : Beach day with Scoobs. =( : Still no phone.
172,0," : Let's have fun,. When I give ya what I give ya."
173,0, :[ I don't want to move!!!
174,1," :-D ))))))))...WHAT AN AMAZING NIGHT,DAY &amp; NIGHT AGAIN!! HI TWITS! I MiSS U GUYS"
175,1, @ canaveral national  seashore
176,1, @ progressing in the production department with &quot;The Uprizing&quot; thats the priority getting the head nodding beats and then we reach out
177,1, @ taylorrhicks enjoy chicago..b new venue is always cool. You shine everywhere you go. I know who you are. In time so will everyone. 
178,0, @ the train crash in DC .....
179,1,' @ Thestreetforce  '
180,1, @3sixty5days makes me smile.
181,1," @adamisacson My first day off in 3 weeks, and my child got up before 7:00. So watch for me on &quot;Nancy Grac.. http://tr.im/khKW"
182,1," @adbert: &quot;#Video [Woody Woodpecker – The Barber of Seville] I am great, @klitoria, just wishing to be a ch... ♫ http://blip.fm/~7g6r0"
183,1, @alexrauchman I am happy you are staying around here. Drexel is a fabulous university. You should be proud. yeah.
184,0, @alvinkschneider what happened to angels and demons and lions and tigers and bears!?
185,0, @AmericanWomannn Well that sure minimizes the impact...LOL
186,1," @ange_black @sween I call dibs on the Voltron arm. No the leg. Wait. Where are my manners? @baileygenine,.. http://tr.im/oERy"
187,1, @CharlottegC I just saw ur mum
188,1, @chloelunn and @meganmcdowell GET YOUR FAT ASSES ON HERE. NAI.
189,1,"- @codinghorror See, three external monitors on one laptop, http://www.twitpic.com/6e3zp Win7RC  1 x 1920x1080, 2 x 1280x1024"
190,1, @copicmarker&quot; facebook.com/copic.marker if you're cool. Or if you're not cool. Maybe I'll send some cool .. http://tr.im/oyT7
191,1,' @crewislife  you want to start the morning later; in New York we can do that  (Californians have it even better)
192,1, @cybervenus http://twitpic.com/75kwb ~ LOL LuV IT! &gt;&gt; http://twitpic.com/75hsg Did any1 find or c 1? #a.. http://bit.ly/mUMFh
193,1, @dandelionas is making fettucini and garlic bread!
194,1, @danregal  tell @pfont i said Happy BDay!! 
195,0,"- @Darcy_Lussier @lkrammes I went to work once last year with no pants. Ironically, that was my last day of work at that job. FML "
196,1," @DirtyRose17  told you, you would sweep haha :-p"
197,0, @dreamingspires. there r many gr8 science cartoons http://bit.ly/6EW4Q http://bit.ly/gXH3q http://bit.ly/18sjXI http://bit.ly/KEAy2
198,0,- @Em91 Edinburgh fringe is only 10 weeks away?! I need monies  Btw I'm Elliott from @angryfeet - blame @howlieT for the Twitter intrusion
199,0," @emilymariie why didnt you come to school?? have you done the short stack thing by yourself, or do you still need me?"
200,0,"- @EvertB which one? http://bit.ly/10o8LW, http://bit.ly/Nh82S or http://bit.ly/wr8Vz - latter for the US Store only  #iphone #comics"
201,0, @georgediaz #Magic ..thinking less than 50 % chance Hedo stays in Orlando. He's gonna go for the $$. They all do. Can't blame him though.
202,0, @Glamicole ..now who wud make this beautiful plc cry?
203,0, @HaterMagazine: @damienrandle it is now the outer fat kid.
204,1,"- @haugern The servers are now backup, if you experience any more problems then please let me know  Sorry about the delay..."
205,1," @hawaiibuzz: &quot;yes, i am lol j/k luv this! @DJDolceVita: &quot;you are like a gentle breeze that has blown throug... ♫ http://blip.fm/~7s7mn"
206,0," @hellopnsdear se MORREA a mi Joseph, no no se vale."
207,1, @hidingesther @linininiooh are my future rooooooooomies! NYC holleR
208,1, @Hijack_King7 I hope u have cheeSe burgerS 4 @Snubbmatic LMBO
209,1, @iamyas awesome
210,1, @ivegotzooms I am nothing of the kind and everything of the sort http://tr.im/mLsn
211,1,- @jerrybattiste &quot;..pick up some flowers for the teacher..&quot; I'm jealous! I want flowers without having to be in the hospital to get them! 
212,1,- @joaoqalves Think again   Talvez seja do ênfase na cifra. Mas atenção: &quot;Security is a chain; it's as strong as the weakest link …
213,0, @jonasbrothers Why is your YouTube account suspended? lol Single Ladies dance? I NEED TO WATCH IT AGAIN!
214,0,- @JuicyJones I know.. SOLD OUT though. 
215,1,- @kaitymarine - watch E3 @MCMudkips - Will do 
216,1,- @katherineholden Thanks K! Here's hoping! Pretty nervous though... 
217,0, @katiedontcry should get on aim and talk to me. i miss her.
218,1, @kcome ?????????????????????????????????? ????????????1000 Followers???????????? http://tr.im/mWKn
219,1," @khead I'll tell ya, grocery store. It was better when you blasted the oldies. Sugar Ray does not make me.. http://tr.im/jd0y"
220,0, @kvetchingeditor's kashrut convo makes me want to keep more kosher but my roomies catholic &amp; he has a pork loin in the fridge #kosherFAIL
221,0, @Leloz isn't home neither is @sozi1 ... @althani96 U BETTER HAVE IT!!!
222,1," @LHSOPERAFIENDS yall bitches better wake up early to go to the LA Opera, kay!?"
223,0,"- @littlecharva - I'm immune to dentists' drills etc now, it just doesn't bother me at all. Having gum lift surgery next week tho *eek* "
224,0, @lolife4life where r u tonite im still awake!
225,0, @lorinimus hates Bebot App
226,1," @masareus&quot; @dhempe congrats bhai, but like the oldies in &gt; used to say - arre bhai kuch kam ka http://tr.im/ox5G"
227,1, @MelodyChase
228,1, @mgph3nom chilling on twitter via my spanking new blackberry w/ unlimited internet : http://tr.im/mZVC
229,1, @michaelsarver so do you give him every inch of your love every night?
230,1, @mimbles @WParenthetical
231,1,' @minghao Maybe you can pop @StarHubCares a tweet. They are quite active on twitter. 
232,1," @MsNovember It's a shame all the women in Mamma Mia are so horny, since all the men on this island are so.. http://tr.im/kmET"
233,1,- @nibaq Thanks for letting me know. I'm going to check out Eureka later with this knowledge 
234,0, @Oneshine What are u referring to?
235,0, @plmusic22
236,1,"- @PoisonGirl10 What's up? @sevgli Hey you!  @lowridergrl I'm doing ok, thx. You? @cristinerafae You, too! TTYL! @Nic0pic0 Oh, sowwy! lol"
237,1, @RAPPUBLICIST HAPPY MOTHERS DAY!
238,1,"- @raybooysen I knew Sharepoint was written by interns, I just knew it !! "
239,0,                                     I miss her so much already...
240,0,               just practising.....how I feel       
241,0,            Miss my love Jamie
242,0,          FUCK YOU!
243,0,        my head feels like a bowling ball
244,0,        my heart hurts badly...
245,0,       FS keeps crashing when I try to load Bungie plane.
246,0,      My current headset is on its deathbed now!  My dad gave it to me just 3 weeks back!    
247,0,     ....    My mood is currently BLAH . Sitting in a parking lot
248,1,     I am happy     
249,0,    ...that is all.
250,0,    everyone went home. and not everyone was even here! ~CMF &lt;3
251,0,    fed up....
252,0,"    fuck, fuck, fuuuuck!"
253,0,"    Not feeling it today     And to make matters worst its super nasty and rainy outside, YUCK!"
254,0,   @Beansummer
255,0,"   Awwwwwh  i wanted Aiden Davis 2 WIN, i &lt;3 him so bummed he didnt "
256,0,   bed time now....
257,1,   Faltam 4 dias para o World Drawing day
258,0,"   Friends like these ... no thanks, I'm not fake! ^ ^"
259,1,   haha omg. stayin steezy &amp; mowin the lawn... loviie still here &amp;&amp; goiing tanning soon.
260,0,   i think my bf is cheating on me!!!!     
261,1,   i wanna play with my camera but i will settle for playing with iv's and heart monitors
262,0,   i want an octo drive
263,0,"   I want to display my pretty voltron!  Upside, I get two pretty voltrons!"
264,0,   i want to find a way to put my photos on phone here i have Bluetooth in both phone and computer but it doesn't work
265,0,   IN an effort to bring you the best content we just added at lease 30 hours to the release of The digital Rapture.  soon... hang tight
266,0,  --- is our response to what happened today. and that is all.
267,0,"   J, you are right... it hurts."
268,0,"   kinda but not really, but kinda "
269,0,"   let's have a moment of silence for our childhood homes... sadly, it can't be replaced and we can never go back"
270,1,   lol all these #robotpickuplines are hilarious 
271,1,"   man, oh man     (i should punch myself in the head, but im ok with that)"
272,1,"   my friends can get with ur friends and we can all b friends, shit, we could do this every weeknd.. Aiigght?  with coop n the crew"
273,0,"   No man is worth your tears, and the one that is won't make you cry!"
274,0,   rain rain go away!
275,0,   storms are scary!
276,1,   such a beautiful satisfying day of bargain shopping. loves it.
277,0,   Tell those girls your clocking out lol
278,1,   thank god today is friday !!! I love Ti Ti! &lt;3
279,0,   the batt to my internet connection died.  Guess its back to the mobile!
280,1,   thrilled about being at work this morning   
281,1,   we break dance not hearts by Short Stack is my ringtone.... i LOVE that song!!!.....
282,0,   www.apple.com/iphone now has it for the 18th   
283,0,  #squarespace #trackle  no apple iphone card for us  maybe tomorrow! I guess it helps if you tweet it huh?  We forgot 
284,0,  (unsure)  (hassle)  (:  (music) http://plurk.com/p/yq08l
285,0,                                           exhausted
286,0,          i want some ben&amp;jerrys cake batter please ugh
287,1,          my life is very lazzzzyyyy!!!!!!!            ***********
288,0,"        wish ella was on or somebody,,,,"
289,1,       ish in a good mood .....tlk to me
290,0,      i think i'm going to go 3 a long drive then when i get to the pacific ocean open my car door and throw my pc in the ocean
291,0,      what the hell BBC?
292,0,     #canucks
293,0,     I dont like this weekend.. Huhuhu ( (
294,0,     I'll get on it right away!
295,1,-     J + A MADE NiCE..... TWiCE!                     for now ;]
296,1,     loves life atm!   its brilliant XD
297,1,     who else is in a happy mood?? =D
298,1,    !BYE EVERYONE!   
299,0,    ...lonely night
300,0,    blue does not work      
301,0,    geez I'm feeling their pain
302,0,    i miss my summertime daley.
303,0,"    on the computer ... . . . . . . *ill*    lol,       no fuckin goin to portugal        "
304,1,    SO FAR SO GOOD!
305,1,    TODAY WAS A GREAT DAY!!!
306,0,    UGHHHHHHHHHHHHHHHHHHHHHHHHHHHHH
307,0,   #Battleground
308,1,"   a lot, a lot, a lot, a lot, a lot, a lot, a lot, a lot, a lot, a lot, a lot, a lot."
309,0,   Awwwwwh  i wanted Aiden Davis 2 WIN  i &lt;3 him so bummed he didnt 
310,0,   Curtain drops at the Crown Uptown after 32 ye http://www.kansas.com/news/featured/story/860875.html
311,0,   eh  must leave New Mexico and soon!
312,0,   fail maths  i knew it i was just too slow 
313,0,"   From Gongwer OH Report, sounds like leadership still considering library cuts, not considering tax increases. #saveohiolibraries"
314,0,   fuck sake. Why can things never work out for me?
315,0,"-   going in town todaч with mч cousinnn, [ч]     netball match was cancelledd "
316,0,   hoping to see my baby girl
317,0,   i don't even know.
318,0,   I just lost a member of my family 
319,0,   I'm SICK of bedtime battles   
320,0,   i'm so cold this morning......       i have chills all over.....   
321,0,   Just... 
322,0,   No no no. Tonight goes on the books as the worst SYTYCD results show.
323,0,   no shopping   
324,0,"  - Poor lil mousey, just out enjoying the sunny day. I don't think I'd feel so bad if it was a big gnarly rat though. Dbl standard? Yep."
325,0,  -- that's an EPIC sad face.
326,0,   This magazine story just broke my heart at the dentist's office today:  http://tinyurl.com/ngbq2c
327,1,   Tiger Woods is up by 2at 18 via http://nascar.com/racebuddy
328,0,   wanna go meet wifey but can't....  this sux   :'(
329,0,   Wondering why I feel like I do...I'll feel better though...Its all good! I'll be happy inspite of...Tweet ya lata 
330,1,"   yippeeeee yay lets gather in the hay...HIS LOVE FOUND IT'S WAY+ boy,it's Gonna STAY added 2 the Master's HOLY WAY: ALL HIS WILL+WAY"
331,0,  #IranElection - no one realizes how deep this goes.
332,0,  &gt;. Bodies from Air France crash have been found  http://twurl.nl/dvu8be (via @Paisano )
333,0,"  &lt; that is the story of my life, a whole bunch of frownies!"
334,0,               I HAVE NOOOOOOOOOO FRIENDS ON TWITTER IT MAKES ME SAD WILL SOMEONE FOLLOW ME      
335,0,             i just want to hear from you. i guess that's asking too much..
336,1,       Hardest working chica i know( mii boss lady) @MoneyAceweather (look up to her seriously) lOl
337,0,       i really2 don't like this condition. sucksssssss
338,0,"       Orlando Lost  The Series. Oh Well, Maybe Phoenix, Or Boston, Or Cleveland (The Teams I Like) Will Make It Next Year!"
339,0,      rinitis sucks!!!!!
340,1,      thanks for being the bestttttttttttttttttttt J-dawg
341,0,     &gt;( &gt;(  i'm mad and sad right now. Played so terrible today in both soccer and basketball.
342,0,     &lt;- but mustache man is not that desperate
343,0,     &lt;--------- my face because i'm missing zoro tonight.
344,0,     @riceuniversiity I know huh @Kouture85 Im bout to cry@Ahmier thanks Marco! *muah*
345,0,     angry
346,1,     praise God for this beautiful day!!!     
347,0,     sry matt 2 hear that (
348,0,     what the fucccckkkkkkkkkk
349,0,    Bye World!!!!!!
350,0,    i couldnt even have one fairytale night
351,0,    I'll be working when Pottercast/Lupins/Willows come near me.  FAIL.
352,0,"    My cell phone screen is dead.  Sooooooooooo, no texts and I don't know who's calling.  Fuuuuuuuuuuuuuuuuuuuuuuuuuuuuuuuuuuuuuuuuuuuck"
353,0,"    NO MORE SICKNESS. strike i say STRIKE! ohhhh well, 'nother day off school i guess"
354,0,    Nobody likes Year One in the reviews I've read. I'm disappointed. But maybe now I'll like it more since I'm not expecting much..
355,0,   (must i say more?)
356,0,   *old me's dead and gone*
357,0,   ... have to go now ??? 13 more minutes   ... please please please
358,1,   @Lakers!! I love you guyssss! Those rings.. Mmmyeahh! Bling blingg
359,1,   @PERFEKTnCHANCE (Chance) is Boo #29
360,1,   @Standing_Stones  Thank you very much for the DVD suggestion!  Very nice of you!  Looks good.
361,0,   awwwww i really hate this.
362,0,   bad day.
363,0,   bad day.....damn you @311. What kind of ticket sale was that.....
364,0,   Boston Globe could be shut down in 60 days http://sbne.ws/r/vWc
365,0,   bye guys!!!! i'ma miss ya'll sooo sooo much! but don't worry i'll be back on monday!!! have an awesome weekend!!! peace!!!!
366,0,   can i have some followers :' ( ... i'm so sad...    NOW THAT I'M LOSING HOPE -pressure
367,0,   Couldn't bless'd da mic w/ my bra's in music 2day @ERiceOnTheBeat @moneybagzfam1st @circustk
368,0,   CRY CRY CRY   
369,0,   F**kn day...
370,0,   Goodnight   
371,0,   grandma is very sick. not doing well. going to the emergency room.
372,1,   had a WONDERFUL day  G_D is GRRRRRRRRREAT!!!!!     
373,0,   I am going to shed tears if the Cavs have to go home tonight. Like seriously
374,0,   i am soooo sad...at this point of night i'd be cuddling with jonathan like i did for 4 years
375,0,   I hate you forever.
376,1,   I have passed 70-542 exam today   
377,0,   i missed it
378,0,   i still Feel like a Douchebag
379,1,   I want to write a song. I think I will.
380,1,- @serialseb Always thought time estimates should use 'value of Pi rule' (x 3.14). Only exception being 'Pi squared rule'. 
381,1, @SirKenRobinson Creativity via Twitter http://bit.ly/HVTHS
382,1,"- @SlashHudson you tease, i wanna hear the tracks!! "
383,0, @sommacolada never answering my im's
384,1, @soultravelers3 http://bit.ly/H9Nqe  15 TravelTips 4 student safety in roughplaces
385,0, @squarespace it's now fathers day and you haven't picked me...yet. I kind of want to incessantly bother you...#squarespace
386,1, @SRenaeNae... What is 'FML'
387,1, @sweetlilmzmia: &quot;Gotta LOVE Blip.fm - John Mayer Trio - CALIFORNIA DREAMIN' as heard on Conan 06/04/2009 ---... ♫ http://blip.fm/~7qdf0
388,1, @Thatsrightnate ~ Just in case you need some help w that:  http://bit.ly/12nP1H
389,1, @THEDIAMONDCOACH  Im sure he'd love that LOL
390,1, @theenglishmuse on &quot;Karl Lagerfeld&quot; 's Twitter profile(s) lol!  Heart the first pic http://tinyurl.com/cbl6tm
391,0, @TheIanCrawford is no longer in the Cab. To say I'm heartbroken is an understatement... good luck with everything! you're amazing ian.
392,0, @va_songstress broke my twitter..
393,0, @warbo is off clubbing... must come over to sheffield sometime &amp; party but really probably shouldn't atm. a tech conference is a conf etc
394,1," @weselec My avatar can't figure out what you people are, either. http://tr.im/jj70"
395,0, @xxkirahxx is fulfilling my life's ambition 2 go 2 a Jonas Brothers concert + I went 2 HMV and the new album is already sold out! Why me?
396,1," @yhf What happened to movies, anyway? It's like Hollywood forgot: in rough times, the public wants to see.. http://tr.im/mZ8l"
397,0, @zochula just yelled at me for picking apple store over food.
398,1, @ZOEBOE: &quot;whoops credit is due to   &gt;&gt;&gt;rb@MusicIsMySunshine:  &quot; ? http://blip.fm/~7d4pk
399,1, =&gt; How not to exit a Cessna 206 #skydiving http://bit.ly/16ZZJ7
400,0, 1 of me cats kittens died only 3 days old too..RIP ming.
401,0, 1 week before the palm pre comes out and my centro dies. I have a temp phone but my contacts aren't transfered yet. #sadpanda #fb
402,1,"- 20 chicken mcnuggets, 2 double cheeseburgers, large fries, and a lemonade for dinner. Why you may ask? Because I hate my body. "
403,0, 3 hrs on da phone...lol dude is hilarious
404,1,- 400th tweet (!) breakfast: everything bagel toasted w/cream cheese with an iced cap... delish 
405,0, 5 gb of video to upload to utube :O dam sony vegas making it so big 
406,0, 50% of the new footwear labeling norm is definitions that are never referred to in the document. Who wrote this up?
407,0, a big angry spider was crawling in my blankeys  i flicked it to the floor and cant sleep now
408,1, A blessed sunday everyone!
409,0,=- A couple years of sickness all piled up to this one day
410,1, A dog riding the bicycle http://bit.ly/gvMzD
411,0," a fly just landed in my green chile stew. i've never been big on killing bugs, but this asshole asked for it. There goes my appetite"
412,1, A problem shared is a buck passed
413,0, A_ just got the same handshake in her meeting. Vibe here sucks
414,1, ดู�?บไต๋ hitech
415,0,  (Jonah:whats a tweet!?) SHARON!!!!!!!!!!!!
416,0,  alice is beating be at my scooby doo board game!
417,1,  am quite tired can't wait till wwe at burswood &lt;3
418,0,  anyone have any advice on how to cope with a break up?
419,0,"  arrrrrrrgggggggghhhhhhhh!!!!!!!!!!  that's it, all lines of communications are temporarily suspended! "
420,1,"=-  awake, and ready for the day"
421,1,  Being NASTY in the studio with my woman!!!  Go SLEEPIES!!!
422,0,  but i understand.
423,0,  cars being inspected today gonna cost me over 600 dollars 
424,0,  e is OUT!
425,0,  everythings wrong.
426,0,  Exercise 2 build muscle mass is only thing that speeds metabolism: http://tinyurl.com/bvagbj
427,1,  feeling ok for the first time in a few days. thank you!
428,1,"  found a new way to text him, yey!"
429,0,  friends dying is just horrible.
430,1,  going for a paddle 2moz 
431,1,  Good Nite.  I hope Grandma visits my dreams again tonight.  Last Night was uplifting...  I miss her.
432,1,  Goodbassplayer... that is funny.... ;)  OilIPO.... I hope the people that will bring us good things are started early this week... 
433,0,  He was the best there.
434,0,  Hungover........ and craving chocolate! OMG how funny was the pub last night!! LOL
435,0,  I dont want my sister to leave me for the whole summer!
436,0,  i hope everyone is at church so i can just go to my concert in peace on wed.  dont have to worry about rushing back to church to visit
437,0, - i just spilt the last of my jordans cereal on the floor i’m distraught http://tumblr.com/xxw2329lh
438,0,  I miss my family and friends.
439,0,  I see I missed the nectar sucking dirty talk ;)
440,0,  I want a freaking puppy now! A cute little black yorkshire terrier.
441,0, - I want irissa back http://tumblr.com/xpn1wrj48
442,0,  I'm glad diversity got through...but what about stavros!  
443,1,  I'm here to tell ya ... very yummy.  Decided to go on a hunt for blender drinks ... know any good ones?
444,0,  I'm out of Nutella  
445,0,  is it rlly tht serious? I'm abt to go thru my fonebook...
446,1,  is listenin to my new fav band more amor
447,0,  it is on environmental studies and driving me mental
448,0,  I've always seen bits &amp; pieces of Shottas. now I've seen the whole movie...it ends sooooo sad   I'm gonna cry.  
449,1,  Just another day in paradise. ;)
450,0,  Just found a bone in my chicken nugget    Not cool
451,0," - Like I said, my back still fucking hurts and I’m going to complain about it like no one’s business.... http://tumblr.com/x6n25amd5"
452,1,  love you! &lt;333
453,0,  my aunties dog is getting put down  hes my dogs brother aswell 
454,0," - my head feels like its going to explode - mmm, what a horrendous image... the mess!"
455,0,  my head is killing meee
456,0," - My name is Amy. I�m only three My eyes are swollen I cannot see, I must be stupid, I must be bad What... http://tumblr.com/xfj1uain0"
457,0," - my picture with Kris Karmada is gone forever, its not in my comments, on my mysapce or on my... http://tumblr.com/xzg1wy4jj"
458,0, «Confirmed: Missing Air France Flight 447 has Crashed in the Atlantic»: http://bit.ly/BxdVL
459,0, about 1/4 of my myspace comments are gone. cause someone hacked onto wills account. and kept abusing others so he had to delete it.
460,0, about school....... it will all be over soon can't wait to celebrate            STRES till then
461,1,- about to pop in a movie &amp; chill a bit... get it innnnn.! call n text 
462,1,=- about to swim
463,0, abt missing Air France plane. Follow here for best air news source:  http://tinyurl.com/m2p6yk
464,0, AFI are not at reading til sunday this sucks !!!!!!!!!
465,0," after a crap night was looking forward to being cheered up, but no. Never mind."
466,0, ah the postman didn't have my package. What am I goon to do for the rest of the day.....
467,1, ahh school on monday!!!! not ready
468,1," ahhh. Drizzy. Mr. Rogers, you are indeed the best."
469,0," Airport Express doesn't rock enough to allow wireless scanning with the Canon pixma MX310, but otherwise it's wireless goodness."
470,0," Alistair's friends are all in the kitchen and I'm in my pjs...I JUST WANT A CUP OF TEA, DAMMIT!"
471,0, all day.. no play.
472,0, all dressed up and no bicyclist for Monday nite ride n Henderson KY http://bit.ly/10H4ne
473,0, all I want is my ma in my arms  that's all I want is you in my arms
474,0, all my friends are gone haley n katie @ camp Paris @ moms Landin n Ayonna @ aunts n moms im so bored
475,0, all nighter. yeeeeeeeeeeeessshhhh what a nightmare up coming 2 weeks. cannot wait to graduate!
476,1, All the small things...
477,0," All those Non-Robsten posts are making me sad. I mean, I knew that, but to see it from others in words. So sad."
478,0, allison didnt win. She should have.
479,0, almost time to leave.
480,0, already getting sleepy...I really want to get my psych quizzes done tonight...
481,1,- always a nice thing to wake up to. yay. :p (gosh I'm such a typical lame overanalyzing teenager) lmao  / had a nice nap.
482,1, am excited
483,1, Am feelin very happy!? 
484,1, Am I feeding the Pig'?
485,0," am i losing my mind cause i wanna see my.TC on TV right now, this min? FU2 i want 2see CandyGirls!! not Daisy -dammit!! @iluvTerricka"
486,0, am sad to say i didn't get my results today somehow the school forgot to mail my results to me?? Typical. Ugh
487,1,-- An alarm clock is a device for waking up people who do not have small children. --- 
488,0, And how can you mend a broken heart?   ♫ http://blip.fm/~8k7kl
489,0, and I think that's why I felt really sick and depressed in school today cuz of all the stress.. I'm glad I got that off my chest :/
490,0, and i was just starting to get confident in myself! you have torn me down!
491,1, anoron.reedcourty.operaunite.com/webserver/content/ home.sch alternatíva 
492,0, another 45 mins....
493,0, another early day
494,0, another father's day weekend I don't get to spend with my dad..
495,1, Another Friday night of Rock Band
496,0, anticipating a tough day ahead
497,0, anyone know if Ghostbusters is region free on 360?? and where to get a US copy in Britain if it is
498,1,  : D a million making a difference. I can't help but to believe. I came in believing &amp; I will leave believing GOD IS!
499,0, - ?oVe&lt;33
500,0,  6:30...what's wrong wit it?
501,0, - alergic... nose itchy and eyes burning... Hope It's getting better soon....
502,0,  and they KEEP on coming!   xox
503,0,  Another expensive weekend trip to the vet.
504,0,"  are there any parties tonight!? im hella bored at home, and its seems like everyone is busy!! LAMMMMEEE"
505,0,  but chilli prawns will make the pain better...
506,0,  daughter's beloved diabetic dwarf hamster died in her hands this morning...all creatures are worthy of love. ♥
507,0,  DD has pinkeye...not fun.
508,0, -- Farrah Fawcett Dies of Cancer at 62 - ABC News http://bit.ly/akQLD (via @Turner)
509,0,  feeling hopeless and useless.
510,0,  forgot my lunch at home
511,0,  General Motors sold hummer :S :S
512,1,  Good morning all! Have a great day!!!
513,0,  goodnight..
514,0,  gooood night!!   must prepare for tomorrows meeting now
515,0, - Great! Im bored at the moment and just have no idea on what to do!  Missing Boyfie too! Damn i’m... http://tumblr.com/xzp224xgj
516,1,  having a luvly day http://tinyurl.com/ckbmkc
517,1,  he is so hot !
518,1,  hmm what to do!
519,0,  http://bit.ly/18xobk Five Guys Locations Closed After Visit from &lt;em&gt;Inside Edition&lt;/em&gt;'s 'Rat Patrol' @dcist
520,0,  I am actually crying now because of sore throat.
521,0," - I feel irresponsible and sort of horrible. Marshmallows, unless otherwise stated, have gelatin. fuck... http://tumblr.com/xl21pafgm"
522,0,  i miss my brother.. i worry about him.
523,0,"  i need to think of something else, first. "
524,0,  i wanted julian to win!
525,1, - Iowa No. 2 in happy! Yea!
526,0,  jus got some bad news
527,1,  just got home
528,0,  just mean
529,1,  just saw sink into me the whole video on kerrang! ive seen it before loads but its so much better on tv!
530,0, - Limp Bizkit - Rollin' #SongStuckInMyHeadWhenIWokeUp
531,0,"  ''Love, save the empty''"
532,0,  my camera broke !
533,1,  My mom is the funniest person ever!  
534,0,  my parents left
535,0,"  Nadal is out @ French Open ... now, to my back-up -- Go ANDY RODDICK!"
536,0,"  no ass beatings, checked out Playhouse in Baltimore this weekend as well.  Feeling quite rested and a bit out of sorts."
537,0,  nothing....
538,0,  ok we'll talk about your boyfriends and stuff tomorrow ;) lmao and we'll talk for real soon too!! wooo hehe ilysfm doodle xxxx
539,1,  Pie seems to have quite a good appetite now.
540,0, - server problems - motivating me to change hosting providers though... #fb
541,0,  shakes head
542,0,"  Shock loss to Sparks...bummer, @tmmcwilliams had a great game but shock too many injuries to start the season...rematch Monday!"
543,0,  some asshole got a hold of my email and signed me up for all this spam mail.  ughhhh...it's non stop.  anyone have a spam blocker?
544,0,  someone just said ast least your pretty  . thanks but but being pretty gets you nowhere you have to much integrity .
545,0,  myspace peOplE  can get really angry if I don't answer them right away... JA!
546,0,  never get any photo comments on m space and more
547,1,"  NHL: Penguins 1, Red Wings 3 - FINAL - Red Wings lead series 1-0 - for stats, stars and more visit http://www.nhl.com"
548,0,  no tickets in germany for the miley cyrus tour.. 
549,0,"  photo shoot rained out...  oh well, back to post!"
550,1,  R.I.P young teke!!!  i miss you cuzin!! &lt;3     it has been 1 year sence you died. . .    [Dont be ashamed of your faith]
551,0,  RIP Charles J ...the world is with one less fine fellow
552,0,  RSL was at the Paley talk?! Now I'm even more depressed I couldn't get a ticket. Oh wells. 
553,1, - she is amazing -- Bjork � Bachelorette ? http://blip.fm/~4lfyi
554,0,  so bored
555,0,  so much for a good weekend
556,1,  Thank you.    @Kyauphie
557,0,  The hotel doesn't know where it is either... that was my favorite! How poopie is that.
558,0, - thelovelybones: I plan on owning this …don’t judge me. http://tumblr.com/xr0238tmq
559,0,"  This year, 5 million children from hunger-related causes.  http://is.gd/17Eo4"
560,0, - ticketsandpassports:  lmao your not a nerd. i think its cool when guys like anime. http://tumblr.com/xqn1x1tue
561,0,  To all the mothers whose day may not be so happy. God loves you. TLC - Waterfalls ? http://blip.fm/~5zi9g
562,0,  Today is not a good day. But I guess laying around the house in your undies isn't so bad.
563,0,"  went to maggie's bday party, came home without my phone... I feel lost, and reaallly confused (but thats just the booze talking)"
564,0,  when will RB2 get an australian release date???
565,0," !my grandma just told me she thinks I'm stupid. Well, hey thanks, G."
566,1, #andyhurleyday