1,0,RT @AndhraFact: pre-Recorded as press meet LIVE 1st time in world! 
LIVE only 4üé•at 1PM+

1PM+ ‡∞µ‡∞¶‡±ç‡∞¶ ‡∞Æ‡±ä‡∞¶‡∞≤‡±Å ‡∞™‡±Ü‡∞ü‡±ç‡∞ü‡∞ø‡∞®üé•‡∞∞‡∞ø‡∞≤‡±Ä‡∞ú‡±ç 5-6 ‡∞ó‡∞Ç‡∞ü‡∞≤‡±Å ‡∞™‡±à‡∞ó‡∞æ ‡∞™‚Ä¶
2,0,RT @sumit0707: First Time in Tv9 Studio - Watch Unique Robotic Report -How Robots can control the spread of infection among doctors and min‚Ä¶
3,0,#COronaVsExams sir TV9 kindly take up overseas students who do not want to continue overseas studies further but to continue in india
4,0,Four #RajBhavan staffers test positive - TV9
https://t.co/z5g92lbAcW
142,1,RT @upadhyayabhii: ‡§Ü‡§ú ‡§Æ‡•å‡§≤‡§æ‡§®‡§æ ‡§∏‡§æ‡§¶ ‡§ï‡§æ ‡§Æ‡§æ‡§Æ‡•Ç Exclusive
‡§ß‡§Æ‡§æ‡§ï‡•á‡§¶‡§æ‡§∞ ‡§á‡§Ç‡§ü‡§∞‡§µ‡•ç‡§Ø‡•Ç Uncut
‡§ú‡•à‡§∏‡•á ‡§π‡•Ä ‡§∏‡§æ‡§¶ ‡§™‡§∞ "‡§§‡•Ä‡§ñ‡§æ" ‡§∏‡§µ‡§æ‡§≤ ‡§¶‡§æ‡§ó‡§æ
‡§Æ‡§æ‡§Æ‡•Ç ‡§á‡§Ç‡§ü‡§∞‡§µ‡•ç‡§Ø‡•Ç ‡§õ‡•ã‡§°‡§º‡§ï‡§∞ ‡§≠‡§æ‡§ó‡§æ
‡§≠‡•å‡§ï‡§æ‡§≤‚Ä¶
143,1,@VSReddy_MP Idhi fake news kadu tv9 lo vachindi okkasari chudandi sir https://t.co/JtkxctMj1J
