1,0,RT @msdfansofficial: Our hearts just melted like  icecreams left in the heat! â¤

Mahi proving yet again why heâ€™s the ideal dad. ğŸ˜ 
@msdhoniâ€¦
2,0,RT @msdfansofficial: This proud moment still gives us Goosebumps!â¤ğŸ˜Š

#throwback #MSDhoni #Dhoni https://t.co/9HvzCkkviC
3,0,RT @msdfansofficial: .@msdhoni spotted with his new beast in Ranchi!â¤ğŸ”¥

#PicOfTheDay #Dhoni #MSDhoni https://t.co/RaWaXAPBCp
4,0,RT @CricketCircle3: The Legend, the captain cool, the game changer, the best wicket keeper, the fastest then light.....@msdhoni we are missâ€¦
5,0,RT @msdfansofficial: Cutest Picture on Internet Today!

Adorable Ziva's school days. 
@SaakshiSRawat @msdhoni 
#ZivatheDiva #Dhoni #MSDhoniâ€¦
6,0,RT @ShubhadeepLala: Latest Click Of Our @msdhoni Right From JSCA Stadium, Ranchi !! â¤ï¸ğŸ˜ğŸ˜

#MSDhoni #Dhoni #Mahi #MSD #Kids #Love #Cricket #â€¦
7,0,RT @msdfansofficial: .@msdhoni on way to JSCA earlier today with his latest addition!

ğŸš˜ : Grand Cherokee Trackhawk 6.2 
ğŸ¥‡ : First in Indiaâ€¦
8,0,Latest Click Of Our @msdhoni Right From JSCA Stadium, Ranchi !! â¤ï¸ğŸ˜ğŸ˜

#MSDhoni #Dhoni #Mahi #MSD #Kids #Loveâ€¦ https://t.co/Q44cGi2spz
9,0,RT @CultMSDian: I Bet You Can't Scroll Down Without Liking This Cutest Picture !! ğŸ˜˜â¤ï¸

Latest Click Of Our Mahiya Right From JSCA Stadium,â€¦
10,0,I Bet You Can't Scroll Down Without Liking This Cutest Picture !! ğŸ˜˜â¤ï¸

Latest Click Of Our Mahiya Right From JSCA Sâ€¦ https://t.co/SWDjEpzsIx
11,0,Virat climbing every step chasing success.
#viratkohli #cricket #rohitsharma #msdhoni #india #teamindia #dhoniâ€¦ https://t.co/Em9ftvSmlk
