1,0,Covers are in at Headingley. Latest on Ashes toss and start time - Live here: https://t.co/IV5VHfSRGh
2,0,RT @cricketbetting: Enjoy Archer while he lasts...because he won't https://t.co/wrQZ2yEXXe
3,0,Join me live from Headingley for our coverage of the third Test between Australia and England. https://t.co/XqDABec4aC #Ashes
4,0,@fairplaywomen @DrDavid_Hughes @bbcworldservice @theAIS It‚Äôs not unreasonable to give it time, imo. Cricket is more‚Ä¶ https://t.co/cUkQGAofC9
5,0,RT @BimsaraSaranath: @puka_sl ‡∂±‡∑í‡∂Ω ‡∂ö‡∑ä‚Äç‡∂ª‡∑ì‡∂©‡∑è‡∂Ç‡∂ú‡∂´‡∂∫ ‡∂ö‡∑í‡∂∫‡∂Ω‡∑è ‡∂±‡∂∏‡∑ä ‡∂ö‡∂ª‡∂ú‡∂≠‡∑ä‡∂≠‡∑ú‡∂≠‡∑ä ‡∂∏‡∑ú‡∂ö‡∂Ø ü§îüëÄ

Image from Real Cricket https://t.co/VLgxd3bO7n
6,0,RT @ICC: Somerville strikes! Sri Lanka lose Thirimanne but captain Karunaratne is looking steady. 

The hosts are 29/1 after the first 15 o‚Ä¶
7,0,RT @shoaib100mph: Cricket history had its ups and downs for me. Few of the best balls of my career were during the Test Series against Engl‚Ä¶
8,0,New post in Joker Cricket Predictions-—ÇœÉss+–ºŒ±—Çc–Ω+s—îssƒ±œÉŒ∑s24x7: 1st KPL Match Hint, aaj jo strong pe paisa lagayega‚Ä¶ https://t.co/jcqWCj0O9E
9,0,RT @Mitch_Savage: Surely Wagner is a must for @BLACKCAPS in test cricket ü§∑‚Äç‚ôÇÔ∏è #srivsnz
10,0,Owzat! As a guest at the Royal Glen, take advantage of free daily membership at Sidmouth Cricket Club with games on‚Ä¶ https://t.co/53JF9eHSky
11,0,RT @ICCMediaComms: The ICC to live stream ICC Women‚Äôs T20 World Cup Qualifier matches for first time ever https://t.co/2Itn2ZxhbM via @ICC
12,0,Left ankle injury costs Keemo Paul the exit from the first test against India and Miguel Cummins gets on his seat.‚Ä¶ https://t.co/BvXCrKuEoI
13,0,RT @WokinghamSport: The Sports Paper free inside your copy of @WokinghamPaper featuring: #readingfc @Binfieldfc @WoodleyUtdFC @EversleyCali‚Ä¶
14,0,It's better to get hit early and hard: Virat Kohli on bouncers https://t.co/mQfavdsx7b
15,0,It's better to get hit early and hard: Virat Kohli on bouncers https://t.co/73h7DsTs8q
16,0,RT @CricketNDTV: #RohitSharma was in sensational form on top of the batting line-up during #WorldCup2019 and #SouravGanguly feels that he s‚Ä¶
17,0,The #Ashes heads to Leeds as #WeareEngland looks to even the series against @CricketAus. Get the latest #ENGvAUS cr‚Ä¶ https://t.co/uS3I6htIph
18,0,Will India kick off their World Test Championship on a winning note?

#Cricket #Cricket #testchampionship  #INDvsWI https://t.co/59MuVlaAe8
19,0,üèè | Mission #Ashes without Steve begins now!
Can the Aussies handle Jofra and take the third Test? 
First ball in 3‚Ä¶ https://t.co/86ZiTObKxd
20,0,üó£ "If we keep playing that way over the next three games then we have a good chance."

Godleman excited for return‚Ä¶ https://t.co/C0xb9H1v1o
21,0,It's @englandcricket's 3rd Test against Australia today, we wish the boys the best of luck! In celebration of the t‚Ä¶ https://t.co/LAbg4sE6JU
22,0,RT @cricbuzz: Thirimanne absolutely throws his wicket away, Williamson with the catch and Somerville with the first breakthrough for New Ze‚Ä¶
23,0,Australia makes a bold change in openers.
#AUSvENG #Ashes 

https://t.co/mkSgzaGPI6
24,0,RT @plalor: Yorkshire care pack for cricket writers.  Thanks Betty. Thanks Timmy.  ‚Å¶@TimothyTaylors‚Å© https://t.co/f7nSrp9h7h
25,0,Huge day of cricket. Lets bring that Tun home.
26,0,Yorkshire care pack for cricket writers.  Thanks Betty. Thanks Timmy.  ‚Å¶@TimothyTaylors‚Å© https://t.co/f7nSrp9h7h
27,0,RT @coolfunnytshirt: One of the fiercest 'fast' bowlers of modern era cricket! https://t.co/qLWszWK6uR
28,0,RT @TheSelectorApp: Love cricket? Your emotions will now be heard on the pitch... Your call will be the final call.

#TheSelectorApp
All th‚Ä¶
29,0,RT @SportsbookBTC: Cricket ‚Äï Live Report - England v Australia, 3rd Test, Headingley https://t.co/LfohrHntfq ‚ñ∫  https://t.co/0I4IIflkwI  ‚àö‚Ä¶
30,0,Its not a pond or lake.. Its Redix Sports Ground at Kala Board, Malir. Which is full with sewerage water‚Ä¶ https://t.co/nlrSrysmmq
31,0,RT @calacademy: Pretty (&amp; pretty rare) in pink: A genetic mutation called erythrism minused this katydid‚Äôs green pigment, allowing for abno‚Ä¶
32,0,Cricket ‚Äï Live Report - England v Australia, 3rd Test, Headingley https://t.co/LfohrHntfq ‚ñ∫‚Ä¶ https://t.co/GocevrpVKC
33,0,@IrishWomensCric to have two games live streamed in the group games. Will also be shown In the Semi-final and final‚Ä¶ https://t.co/jIWJWMOT3S
34,0,@dizzy_cricket Thank you so much!
142,1,RT @smitaprakash: Village cricket match in Tral. Never seen a wicket-keeper smoking a cigarette, when behind the stumps. #JammuKashmir yest‚Ä¶
143,1,RT @Mehr__Bilal: Mohammad Amir should review his infamous decision of leaving  test Cricket
@iamamirofficial
144,1,APOLOGIES. I've done a fuck-up. I suggested people get the Now TV Sky Sports Mobile Pass. I knew it didn't have Sky‚Ä¶ https://t.co/CqS0yo9d1z
145,1,Peter FitzSimons raises uncomfortable question cricket must answer - 9Wide World of Sports https://t.co/FWHV4FsOr8
146,1,RT @DHONIism: TEST CRICKET

His batting average is only 38.09
But scored 39 fifty+ score

He never scored a 250
But dismissed 250+players (‚Ä¶
147,1,What do you think Punters, can we do this without Steve Smith? Find some winners I mean.... this will help - my Ash‚Ä¶ https://t.co/m6wsmGkyUf
148,1,@ShaneLevitt11 Do you mean like every summer test series since test cricket started?!
149,1,Well if the cricket weather is anything to go by, this has been a bloody miserable summer back home. Such a pity. R‚Ä¶ https://t.co/hJ1tCumE83
150,1,@crk5 If cricket had been invented in Australia, it would have only been 2 days long.
151,1,RT @PictureSporting: A relaxing game of bowls takes place against the backdrop of a packed #Headingley during the 3rd #Ashes Test of 1961 @‚Ä¶
152,1,RT @doclarkins: Chilling similarity between Smith (dark) &amp; Hughes ( red) impact location . Cricket authorities need to push for better helm‚Ä¶
153,1,How can a man, 1 day say fuck it, I‚Äôm a woman...... change their name, grow their hair...... then go on and play fo‚Ä¶ https://t.co/zPg0t9rk6U
154,1,The day is tomorrow, Friday 23rd August. 
The long-awaited day is finally just a few hours awayüòç

We are gonna be h‚Ä¶ https://t.co/XtgnGQ4jfo
155,1,RT @elpakistano: @AqibMansoor5 Imran Khan shaped Pakistan cricket and you got to be really bitter to deny that.
156,1,RT @minvieskv: Nations bad boy aka Jeongguk as JD https://t.co/zvuN96gYuf
