1,0,@jojo0374 @phoboska @WineShowTV @joefattorini Gin makes ya sin JoJo...wine makes ya fine...rum uh...
2,0,RT @PomurjeR: Mighty green vineyards gleaming in all their beauty. üçáüçÉ Keeping up with the tradition, making wine a special peace of heritag‚Ä¶
3,0,@HillaryClinton Go back to the woods and your wine.  You lost and are on your way to jail.  Good riddance!
4,0,RT @Kuvshinov_Ilya: ‚Äúred wine‚Äù Painting Process! üç∑ You can support me for more videos, PSDs, brushes, high-res versions here: https://t.co/‚Ä¶
5,0,When your best friend knows the way to your heart.....Wine and Flowers üíê üç∑ Love you long time toops08 üòò‚Ä¶ https://t.co/2JC9tDEWEA
6,0,RT @theIWSC: Just in üîî @VintageTasmania is the final shortlisted nominee for the Julian Brind Memorial Trophy for Outstanding Achievement i‚Ä¶
7,0,RT @NickysPlaice: We've some of our award winning Irish organic smoked salmon to #giveway &amp; some wine to go with it &amp; some choccies for goo‚Ä¶
8,0,It is, once more, #TheBachelorAU o'clock! I've opened some very nice Tasmanian wine! It might not make for my most‚Ä¶ https://t.co/cYmIyGDYVQ
9,0,I want cake from Cake World and sweet white wine today
10,0,@suscintilla @phoboska @WineShowTV @joefattorini I don't like gin. Please bring a decent bottle of wine, and/or cid‚Ä¶ https://t.co/zYWADwfzbj
11,0,@bookishgrrrl @RyanAFournier Gary Trudeau? 
Ok jk. 
I think all the world outta start focusing on him!!!
Get him a‚Ä¶ https://t.co/sUayBeA8Tg
12,0,RT @dannyniwaha: Acoustic live band every Thursday @sohoterracembra with the 12 keys band along side @macdj43 . Dine and wine with the Afri‚Ä¶
13,0,@juhbean DANI!!!!!! THANK YOU SO MUCH MY BEAN !!!!! you're such a huge light in my life thank you :(( and yes of co‚Ä¶ https://t.co/lwzU1wsGRZ
14,0,Art exhibitions,wine tastings,poetry sessions. I'm ready for such dates. Nina nazi ukuthi umuntu akayiswe kaKFC nje qha. üòï
15,0,RT @choi_bts2: There should be more accurate info of the place @BTS_twt went to Summer Package, they went to ‚ÄòJeonju Hanok Village‚Äô to visi‚Ä¶
16,0,Wine before work was a great and terrible idea. Terribly great ü•¥
17,0,@HullMichelle75 Or for those that wanna enjoy the rest of their time off!!! One day. Rest, fluid, paracetamol every‚Ä¶ https://t.co/mxhHCzZTHM
18,0,@gngmendes Fine wine* is what u meant
19,0,Enjoy a tasty break at the Suns√¨ Bistrot or a gourmet dinner at our starred restaurant La Rei... A unique food and‚Ä¶ https://t.co/yn8GiAHmEj
20,0,RT @PublishersWkly: New book and wine bar, Book + Bottle, is coming to St. Petersburg, Fla., this fall | @cl_tampabay https://t.co/vwExCMKu‚Ä¶
21,0,@JamieJBartlett @spaceangel1964 ...and the wine! Brilliant.
22,0,Enjoy 25% off wine when you buy 6 bottles in-store @sainsburys https://t.co/jV4x0XeM0A
23,0,Enjoy 25% off wine when you buy 6 bottles in-store @sainsburys https://t.co/3yJw8wjSQC
24,0,RT @DublinAirport: Follow &amp; RT for a chance to win flights for 2 to Luxembourg with @LuxairAirlines from Dublin. This is Remichin the wine-‚Ä¶
25,0,@Anatinus Good food + good wine. Hangouts with family/friends.
26,0,Enjoy 25% off wine when you buy 6 bottles in-store @sainsburys https://t.co/JpzJgLX51y
27,0,Happy pre-Friday üçù Enjoy any two pasta or pizza dishes + a bottle of wine at La Bella Vita for just ¬£29.95 üç∑ Call u‚Ä¶ https://t.co/5ruoNFm5yH
28,0,Food Fact: In France, the legal drinking age is 18 for spirits and strong liquors (21 percent alcohol), and 16 for‚Ä¶ https://t.co/BuwJF1Mczy
29,0,You're in for a treat this Sunday with our #CARNIVAL day+night Special at Barrio Shoreditch. Join us for:
üçπ Amigo o‚Ä¶ https://t.co/UB1AcIX2AY
30,0,RT @GhTrendy: üá¨üá≠üá¨üá≠
Casio chain watches going for cool 95gh‚úÖ

We have more colors like purple, wine, green, blue etc

Follow @GhTrendy 
We d‚Ä¶
31,0,@OrchidTeaParty It's freedom honestly. You still going? I will no doubt need copious amounts of wine that weekend.
32,0,RT @vivekagnihotri: @SaketGokhale Champagne or sparkling wine, first decide that Pidi.
33,0,RT @winsordobbin: How you can finish 15th in your class and still win a gold medal. #wine #Australia https://t.co/2wO08qkK6y https://t.co/7‚Ä¶
34,0,Food Fact: In France, the legal drinking age is 18 for spirits and strong liquors (21 percent alcohol), and 16 for‚Ä¶ https://t.co/fcx7JQIY1r
35,0,Taking @celebrpxx out tonight. Wine and dine her. I know I nice Italian we can go. https://t.co/pUP66TMlDd
36,0,Think you know a thing or two about wine? Why not sign up to our round one judging panel? We'd love to hear from en‚Ä¶ https://t.co/ZT2jpS6EVa
37,0,@FuKuy @EricRod_LYV Like fine wine
38,0,i drank twenty pints and a bottle of wine last nite . new highscore .üëçüèª.
39,0,RT @juhbean: @peachesvts ELE !!!!! HAPPY HAPPY BIRTHDAY ‚ò∫Ô∏èüéâ You make me so happy &amp; you've brought so much joy &amp; sunshine into my life! Your‚Ä¶
142,1,@ScoobyDoofus Like I mean I really don‚Äôt see wine not? ü§∑üèª‚Äç‚ôÇÔ∏è
143,1,RT @bretmanrock: y'all im wine drunk and I can't get up from my bath
144,1,RT @Pandamoanimum: One of the happiest days of my life was when I walked down the aisle.

And saw that Tesco had a 3 for ¬£10 offer on bottl‚Ä¶
145,1,RT @ohnoletsgocrazy: You are rotten fruit, I am rotten fruit, wasted wine.
146,1,RT @MakawaChristian: Mad MD, @Joki_Aaron,
#AsconiWinesTanzania inakuzawadia free wine bottle kwa 500RTs.#VinoVeritas https://t.co/Diak32heEJ
147,1,Some of Reds just waiting for you @nooknosh  
Come down and try some, Ralph will be waiting to take your orders
.‚Ä¶ https://t.co/iIvMeZ5I1f
148,1,RT @truthandfiction: As for his answer, @JZarif said: ‚Äúhomosexuality is illegal in Iran, as is drinking wine. If you drink wine in your hom‚Ä¶
149,1,Nunca deseaste decantar vino con un ALIEN ?
XENOMORPH WINE DECANTER
Next time I will enjoy wine in an ALIEN STYLE‚Ä¶ https://t.co/4fvJkaXxQu
150,1,RT @Sphezy25: How long does it take to get drunk when eating wine gums this pack is almost finished but I'm still sober ü§îü§îü§î https://t.co/5b‚Ä¶
