1,0,New bug: 935394 - python3-django - python3-django breaks python3-mysqldb (&lt;&lt;1.3.13), but only python3-mysqldb 1.3.1‚Ä¶ https://t.co/SfG0E79AVF
2,0,RT @ScottMendelson: Once Quentin Tarantino finds out how much babies cost in those first few years, we're definitely getting a Tarantino ST‚Ä¶
3,0,[NEW] #Udemy Django- Create and Deploy a Full Stack Computer Vision model (+7 Hours) Course 

‚û°Ô∏è‚Ä¶ https://t.co/wfyVAJ8BbR
4,0,RT @ComplexMusic: Classic. https://t.co/Yta1uGZ2hf
5,0,Build Your First Website with Python and Django https://t.co/NwNnGtjj4q #python #django @The_Academy_BOT
6,0,@HighContrast @OnceInHollywood My list is exactly the same as except swap Django and Hateful Eight around.
7,0,RT @vuejs_awesome: The Ultimate VueJs and Django CRUD Tutorial

‚òû https://t.co/mGBzftK6dI

#vuejs #javascript https://t.co/c92NmLJS60
8,0,@DrCJ_Houldcroft That does seem like his MO these days, I'd really like a cut of Django that just lopped off the fi‚Ä¶ https://t.co/OwIGRwCLRO
9,0,RT @Bexibecks_: Using my little knowledge of legal arguments to convince this guy the final couple of injections are not necessary because‚Ä¶
10,0,@themikedoug Ooooft! So I LOVE Leo and his performance in the Revenant will take some beating, but reading this has‚Ä¶ https://t.co/pz2Zw0BnPE
11,0,Using my little knowledge of legal arguments to convince this guy the final couple of injections are not necessary‚Ä¶ https://t.co/Kvp8pKgFIB
12,0,@costapiy Check out https://t.co/cRrES40ZlK ‚Äì uses Django instead of Node.js, but may still be interesting / relevant.
13,0,Python Programming Blueprints: Build nine projects by leveraging powerful frameworks such as Flask, Nameko, and Dja‚Ä¶ https://t.co/YDpkU8Ae4M
14,0,@bdnick88 Top middle I think, it‚Äôs not there with Pulp Fiction, Reservoir Dogs even Django. But it‚Äôs better than so‚Ä¶ https://t.co/QALGvfP5l8
15,0,Sitting here thinking Leo really didn't win an oscar for his role in Django https://t.co/3gNadID2gN
16,0,In NY City: Itai Kriss Music with The Cubana Special at The Django (August 23, 2019) https://t.co/A8xsbPrm6Q
142,1,RT @TonySopranoWire: Pelis de tarantino de peor a mejor:

- The Hateful Eight
- Dead Proof
- Once Upon a Time in Hollywood
-  Unchained Dja‚Ä¶
143,1,Los 45 min de sobra empiezan a ser tendencia en las pelis de Tarantino, porque le pas√≥ lo mismo a Django y The Hate‚Ä¶ https://t.co/N0WbUkaaOr
144,1,RT @UnBaton_: N‚Äôayez jamais honte de vous √™tre fait pistonn√©, soyez juste humble mais si vous pouvez arriver au 60eme √©tage en helicopt√®re‚Ä¶
145,1,@maxlu69 Fight club, Django unchained, usual suspect. C‚Äôest des classiques !
146,1,Man's swimming with the sharks in Milan, they'll hunt him like Django üíÄ in less than 6 months he'll be thinkin abou‚Ä¶ https://t.co/Ru8iZmovcV
147,1,django and i can‚Äôt beat the last level of overcooked and it‚Äôs making us so mad
148,1,@HighContrast @OnceInHollywood I turned off heightful eight after about an hour, far too slow. No way is Django last for me
